-- phpMyAdmin SQL Dump
-- version 5.2.0
-- https://www.phpmyadmin.net/
--
-- Host: 127.0.0.1
-- Generation Time: Apr 11, 2023 at 09:53 AM
-- Server version: 10.4.27-MariaDB
-- PHP Version: 8.0.25

SET SQL_MODE = "NO_AUTO_VALUE_ON_ZERO";
START TRANSACTION;
SET time_zone = "+00:00";


/*!40101 SET @OLD_CHARACTER_SET_CLIENT=@@CHARACTER_SET_CLIENT */;
/*!40101 SET @OLD_CHARACTER_SET_RESULTS=@@CHARACTER_SET_RESULTS */;
/*!40101 SET @OLD_COLLATION_CONNECTION=@@COLLATION_CONNECTION */;
/*!40101 SET NAMES utf8mb4 */;

--
-- Database: `databasegaya`
--

-- --------------------------------------------------------

--
-- Table structure for table `detail_hasil`
--

CREATE TABLE `detail_hasil` (
  `id` int(11) NOT NULL,
  `id_hasil` int(11) NOT NULL,
  `id_pertanyaan` int(11) NOT NULL,
  `nilai` int(11) NOT NULL,
  `status` varchar(10) NOT NULL
) ENGINE=InnoDB DEFAULT CHARSET=utf8mb4 COLLATE=utf8mb4_general_ci;

--
-- Dumping data for table `detail_hasil`
--

INSERT INTO `detail_hasil` (`id`, `id_hasil`, `id_pertanyaan`, `nilai`, `status`) VALUES
(61, 4, 1, 3, 'aktif'),
(62, 4, 2, 2, 'aktif'),
(63, 4, 3, 1, 'aktif'),
(64, 4, 4, 2, 'aktif'),
(65, 4, 5, 2, 'aktif'),
(66, 4, 6, 3, 'aktif'),
(67, 4, 7, 1, 'aktif'),
(68, 4, 8, 2, 'aktif'),
(69, 4, 9, 3, 'aktif'),
(70, 4, 10, 3, 'aktif'),
(71, 4, 11, 4, 'aktif'),
(72, 4, 12, 2, 'aktif'),
(73, 4, 13, 4, 'aktif'),
(74, 4, 14, 2, 'aktif'),
(75, 4, 15, 4, 'aktif'),
(76, 4, 16, 3, 'aktif'),
(77, 4, 17, 2, 'aktif'),
(78, 4, 18, 2, 'aktif'),
(79, 4, 19, 3, 'aktif'),
(80, 4, 20, 1, 'aktif'),
(81, 5, 1, 3, 'aktif'),
(82, 5, 2, 2, 'aktif'),
(83, 5, 3, 2, 'aktif'),
(84, 5, 4, 3, 'aktif'),
(85, 5, 5, 2, 'aktif'),
(86, 5, 6, 4, 'aktif'),
(87, 5, 7, 3, 'aktif'),
(88, 5, 8, 1, 'aktif'),
(89, 5, 9, 3, 'aktif'),
(90, 5, 10, 2, 'aktif'),
(91, 5, 11, 2, 'aktif'),
(92, 5, 12, 2, 'aktif'),
(93, 5, 13, 3, 'aktif'),
(94, 5, 14, 3, 'aktif'),
(95, 5, 15, 1, 'aktif'),
(96, 5, 16, 4, 'aktif'),
(97, 5, 17, 2, 'aktif'),
(98, 5, 18, 4, 'aktif'),
(99, 5, 19, 2, 'aktif'),
(100, 5, 20, 4, 'aktif'),
(101, 6, 1, 1, 'aktif'),
(102, 6, 2, 2, 'aktif'),
(103, 6, 3, 3, 'aktif'),
(104, 6, 4, 4, 'aktif'),
(105, 6, 5, 2, 'aktif'),
(106, 6, 6, 3, 'aktif'),
(107, 6, 7, 2, 'aktif'),
(108, 6, 8, 3, 'aktif'),
(109, 6, 9, 3, 'aktif'),
(110, 6, 10, 2, 'aktif'),
(111, 6, 11, 4, 'aktif'),
(112, 6, 12, 2, 'aktif'),
(113, 6, 13, 3, 'aktif'),
(114, 6, 14, 1, 'aktif'),
(115, 6, 15, 4, 'aktif'),
(116, 6, 16, 2, 'aktif'),
(117, 6, 17, 2, 'aktif'),
(118, 6, 18, 2, 'aktif'),
(119, 6, 19, 3, 'aktif'),
(120, 6, 20, 3, 'aktif'),
(121, 7, 1, 4, 'aktif'),
(122, 7, 2, 3, 'aktif'),
(123, 7, 3, 2, 'aktif'),
(124, 7, 4, 3, 'aktif'),
(125, 7, 5, 3, 'aktif'),
(126, 7, 6, 4, 'aktif'),
(127, 7, 7, 1, 'aktif'),
(128, 7, 8, 4, 'aktif'),
(129, 7, 9, 2, 'aktif'),
(130, 7, 10, 3, 'aktif'),
(131, 7, 11, 2, 'aktif'),
(132, 7, 12, 2, 'aktif'),
(133, 7, 13, 3, 'aktif'),
(134, 7, 14, 2, 'aktif'),
(135, 7, 15, 3, 'aktif'),
(136, 7, 16, 2, 'aktif'),
(137, 7, 17, 2, 'aktif'),
(138, 7, 18, 2, 'aktif'),
(139, 7, 19, 2, 'aktif'),
(140, 7, 20, 2, 'aktif'),
(141, 8, 1, 4, 'aktif'),
(142, 8, 2, 3, 'aktif'),
(143, 8, 3, 3, 'aktif'),
(144, 8, 4, 1, 'aktif'),
(145, 8, 5, 4, 'aktif'),
(146, 8, 6, 2, 'aktif'),
(147, 8, 7, 4, 'aktif'),
(148, 8, 8, 2, 'aktif'),
(149, 8, 9, 3, 'aktif'),
(150, 8, 10, 2, 'aktif'),
(151, 8, 11, 3, 'aktif'),
(152, 8, 12, 3, 'aktif'),
(153, 8, 13, 2, 'aktif'),
(154, 8, 14, 1, 'aktif'),
(155, 8, 15, 2, 'aktif'),
(156, 8, 16, 3, 'aktif'),
(157, 8, 17, 2, 'aktif'),
(158, 8, 18, 2, 'aktif'),
(159, 8, 19, 2, 'aktif'),
(160, 8, 20, 3, 'aktif'),
(161, 9, 1, 2, 'aktif'),
(162, 9, 2, 4, 'aktif'),
(163, 9, 3, 2, 'aktif'),
(164, 9, 4, 3, 'aktif'),
(165, 9, 5, 2, 'aktif'),
(166, 9, 6, 2, 'aktif'),
(167, 9, 7, 1, 'aktif'),
(168, 9, 8, 4, 'aktif'),
(169, 9, 9, 3, 'aktif'),
(170, 9, 10, 3, 'aktif'),
(171, 9, 11, 2, 'aktif'),
(172, 9, 12, 2, 'aktif'),
(173, 9, 13, 3, 'aktif'),
(174, 9, 14, 2, 'aktif'),
(175, 9, 15, 3, 'aktif'),
(176, 9, 16, 2, 'aktif'),
(177, 9, 17, 3, 'aktif'),
(178, 9, 18, 2, 'aktif'),
(179, 9, 19, 2, 'aktif'),
(180, 9, 20, 3, 'aktif'),
(181, 10, 1, 2, 'aktif'),
(182, 10, 2, 2, 'aktif'),
(183, 10, 3, 2, 'aktif'),
(184, 10, 4, 2, 'aktif'),
(185, 10, 5, 1, 'aktif'),
(186, 10, 6, 2, 'aktif'),
(187, 10, 7, 4, 'aktif'),
(188, 10, 8, 3, 'aktif'),
(189, 10, 9, 2, 'aktif'),
(190, 10, 10, 1, 'aktif'),
(191, 10, 11, 2, 'aktif'),
(192, 10, 12, 3, 'aktif'),
(193, 10, 13, 2, 'aktif'),
(194, 10, 14, 4, 'aktif'),
(195, 10, 15, 3, 'aktif'),
(196, 10, 16, 4, 'aktif'),
(197, 10, 17, 1, 'aktif'),
(198, 10, 18, 3, 'aktif'),
(199, 10, 19, 2, 'aktif'),
(200, 10, 20, 4, 'aktif'),
(201, 11, 1, 1, 'aktif'),
(202, 11, 2, 3, 'aktif'),
(203, 11, 3, 2, 'aktif'),
(204, 11, 4, 4, 'aktif'),
(205, 11, 5, 2, 'aktif'),
(206, 11, 6, 4, 'aktif'),
(207, 11, 7, 2, 'aktif'),
(208, 11, 8, 4, 'aktif'),
(209, 11, 9, 1, 'aktif'),
(210, 11, 10, 3, 'aktif'),
(211, 11, 11, 2, 'aktif'),
(212, 11, 12, 2, 'aktif'),
(213, 11, 13, 2, 'aktif'),
(214, 11, 14, 1, 'aktif'),
(215, 11, 15, 3, 'aktif'),
(216, 11, 16, 2, 'aktif'),
(217, 11, 17, 2, 'aktif'),
(218, 11, 18, 2, 'aktif'),
(219, 11, 19, 3, 'aktif'),
(220, 11, 20, 2, 'aktif'),
(221, 12, 1, 2, 'aktif'),
(222, 12, 2, 2, 'aktif'),
(223, 12, 3, 3, 'aktif'),
(224, 12, 4, 1, 'aktif'),
(225, 12, 5, 2, 'aktif'),
(226, 12, 6, 2, 'aktif'),
(227, 12, 7, 4, 'aktif'),
(228, 12, 8, 3, 'aktif'),
(229, 12, 9, 2, 'aktif'),
(230, 12, 10, 1, 'aktif'),
(231, 12, 11, 2, 'aktif'),
(232, 12, 12, 3, 'aktif'),
(233, 12, 13, 2, 'aktif'),
(234, 12, 14, 4, 'aktif'),
(235, 12, 15, 2, 'aktif'),
(236, 12, 16, 4, 'aktif'),
(237, 12, 17, 1, 'aktif'),
(238, 12, 18, 3, 'aktif'),
(239, 12, 19, 2, 'aktif'),
(240, 12, 20, 4, 'aktif'),
(261, 14, 1, 4, 'aktif'),
(262, 14, 2, 2, 'aktif'),
(263, 14, 3, 4, 'aktif'),
(264, 14, 4, 2, 'aktif'),
(265, 14, 5, 3, 'aktif'),
(266, 14, 6, 2, 'aktif'),
(267, 14, 7, 4, 'aktif'),
(268, 14, 8, 2, 'aktif'),
(269, 14, 9, 4, 'aktif'),
(270, 14, 10, 2, 'aktif'),
(271, 14, 11, 2, 'aktif'),
(272, 14, 12, 2, 'aktif'),
(273, 14, 13, 1, 'aktif'),
(274, 14, 14, 2, 'aktif'),
(275, 14, 15, 3, 'aktif'),
(276, 14, 16, 2, 'aktif'),
(277, 14, 17, 2, 'aktif'),
(278, 14, 18, 3, 'aktif'),
(279, 14, 19, 2, 'aktif'),
(280, 14, 20, 2, 'aktif'),
(281, 15, 1, 1, 'aktif'),
(282, 15, 2, 2, 'aktif'),
(283, 15, 3, 4, 'aktif'),
(284, 15, 4, 3, 'aktif'),
(285, 15, 5, 2, 'aktif'),
(286, 15, 6, 2, 'aktif'),
(287, 15, 7, 3, 'aktif'),
(288, 15, 8, 2, 'aktif'),
(289, 15, 9, 1, 'aktif'),
(290, 15, 10, 2, 'aktif'),
(291, 15, 11, 3, 'aktif'),
(292, 15, 12, 2, 'aktif'),
(293, 15, 13, 4, 'aktif'),
(294, 15, 14, 3, 'aktif'),
(295, 15, 15, 4, 'aktif'),
(296, 15, 16, 3, 'aktif'),
(297, 15, 17, 4, 'aktif'),
(298, 15, 18, 2, 'aktif'),
(299, 15, 19, 4, 'aktif'),
(300, 15, 20, 2, 'aktif'),
(301, 16, 1, 2, 'aktif'),
(302, 16, 2, 1, 'aktif'),
(303, 16, 3, 2, 'aktif'),
(304, 16, 4, 3, 'aktif'),
(305, 16, 5, 4, 'aktif'),
(306, 16, 6, 2, 'aktif'),
(307, 16, 7, 2, 'aktif'),
(308, 16, 8, 1, 'aktif'),
(309, 16, 9, 2, 'aktif'),
(310, 16, 10, 3, 'aktif'),
(311, 16, 11, 4, 'aktif'),
(312, 16, 12, 3, 'aktif'),
(313, 16, 13, 2, 'aktif'),
(314, 16, 14, 2, 'aktif'),
(315, 16, 15, 4, 'aktif'),
(316, 16, 16, 2, 'aktif'),
(317, 16, 17, 3, 'aktif'),
(318, 16, 18, 2, 'aktif'),
(319, 16, 19, 4, 'aktif'),
(320, 16, 20, 2, 'aktif'),
(321, 17, 1, 2, 'aktif'),
(322, 17, 2, 2, 'aktif'),
(323, 17, 3, 2, 'aktif'),
(324, 17, 4, 2, 'aktif'),
(325, 17, 5, 3, 'aktif'),
(326, 17, 6, 2, 'aktif'),
(327, 17, 7, 2, 'aktif'),
(328, 17, 8, 3, 'aktif'),
(329, 17, 9, 1, 'aktif'),
(330, 17, 10, 2, 'aktif'),
(331, 17, 11, 2, 'aktif'),
(332, 17, 12, 4, 'aktif'),
(333, 17, 13, 3, 'aktif'),
(334, 17, 14, 3, 'aktif'),
(335, 17, 15, 2, 'aktif'),
(336, 17, 16, 4, 'aktif'),
(337, 17, 17, 1, 'aktif'),
(338, 17, 18, 4, 'aktif'),
(339, 17, 19, 2, 'aktif'),
(340, 17, 20, 4, 'aktif'),
(341, 18, 1, 2, 'aktif'),
(342, 18, 2, 1, 'aktif'),
(343, 18, 3, 2, 'aktif'),
(344, 18, 4, 3, 'aktif'),
(345, 18, 5, 2, 'aktif'),
(346, 18, 6, 1, 'aktif'),
(347, 18, 7, 2, 'aktif'),
(348, 18, 8, 1, 'aktif'),
(349, 18, 9, 2, 'aktif'),
(350, 18, 10, 2, 'aktif'),
(351, 18, 11, 4, 'aktif'),
(352, 18, 12, 1, 'aktif'),
(353, 18, 13, 3, 'aktif'),
(354, 18, 14, 2, 'aktif'),
(355, 18, 15, 4, 'aktif'),
(356, 18, 16, 2, 'aktif'),
(357, 18, 17, 3, 'aktif'),
(358, 18, 18, 2, 'aktif'),
(359, 18, 19, 3, 'aktif'),
(360, 18, 20, 3, 'aktif'),
(361, 19, 1, 3, 'aktif'),
(362, 19, 2, 2, 'aktif'),
(363, 19, 3, 2, 'aktif'),
(364, 19, 4, 2, 'aktif'),
(365, 19, 5, 2, 'aktif'),
(366, 19, 6, 2, 'aktif'),
(367, 19, 7, 2, 'aktif'),
(368, 19, 8, 3, 'aktif'),
(369, 19, 9, 2, 'aktif'),
(370, 19, 10, 2, 'aktif'),
(371, 19, 11, 1, 'aktif'),
(372, 19, 12, 3, 'aktif'),
(373, 19, 13, 2, 'aktif'),
(374, 19, 14, 3, 'aktif'),
(375, 19, 15, 2, 'aktif'),
(376, 19, 16, 3, 'aktif'),
(377, 19, 17, 1, 'aktif'),
(378, 19, 18, 4, 'aktif'),
(379, 19, 19, 2, 'aktif'),
(380, 19, 20, 4, 'aktif'),
(381, 20, 1, 3, 'aktif'),
(382, 20, 2, 2, 'aktif'),
(383, 20, 3, 3, 'aktif'),
(384, 20, 4, 1, 'aktif'),
(385, 20, 5, 4, 'aktif'),
(386, 20, 6, 2, 'aktif'),
(387, 20, 7, 4, 'aktif'),
(388, 20, 8, 2, 'aktif'),
(389, 20, 9, 4, 'aktif'),
(390, 20, 10, 3, 'aktif'),
(391, 20, 11, 2, 'aktif'),
(392, 20, 12, 3, 'aktif'),
(393, 20, 13, 2, 'aktif'),
(394, 20, 14, 2, 'aktif'),
(395, 20, 15, 3, 'aktif'),
(396, 20, 16, 2, 'aktif'),
(397, 20, 17, 1, 'aktif'),
(398, 20, 18, 2, 'aktif'),
(399, 20, 19, 3, 'aktif'),
(400, 20, 20, 2, 'aktif'),
(401, 21, 1, 1, 'aktif'),
(402, 21, 2, 4, 'aktif'),
(403, 21, 3, 2, 'aktif'),
(404, 21, 4, 4, 'aktif'),
(405, 21, 5, 1, 'aktif'),
(406, 21, 6, 4, 'aktif'),
(407, 21, 7, 2, 'aktif'),
(408, 21, 8, 3, 'aktif'),
(409, 21, 9, 2, 'aktif'),
(410, 21, 10, 3, 'aktif'),
(411, 21, 11, 2, 'aktif'),
(412, 21, 12, 2, 'aktif'),
(413, 21, 13, 2, 'aktif'),
(414, 21, 14, 3, 'aktif'),
(415, 21, 15, 3, 'aktif'),
(416, 21, 16, 2, 'aktif'),
(417, 21, 17, 3, 'aktif'),
(418, 21, 18, 2, 'aktif'),
(419, 21, 19, 3, 'aktif'),
(420, 21, 20, 2, 'aktif'),
(421, 22, 1, 2, 'aktif'),
(422, 22, 2, 2, 'aktif'),
(423, 22, 3, 2, 'aktif'),
(424, 22, 4, 4, 'aktif'),
(425, 22, 5, 3, 'aktif'),
(426, 22, 6, 1, 'aktif'),
(427, 22, 7, 3, 'aktif'),
(428, 22, 8, 2, 'aktif'),
(429, 22, 9, 2, 'aktif'),
(430, 22, 10, 3, 'aktif'),
(431, 22, 11, 4, 'aktif'),
(432, 22, 12, 2, 'aktif'),
(433, 22, 13, 3, 'aktif'),
(434, 22, 14, 1, 'aktif'),
(435, 22, 15, 4, 'aktif'),
(436, 22, 16, 3, 'aktif'),
(437, 22, 17, 4, 'aktif'),
(438, 22, 18, 2, 'aktif'),
(439, 22, 19, 4, 'aktif'),
(440, 22, 20, 2, 'aktif'),
(441, 23, 1, 3, 'aktif'),
(442, 23, 2, 2, 'aktif'),
(443, 23, 3, 1, 'aktif'),
(444, 23, 4, 2, 'aktif'),
(445, 23, 5, 2, 'aktif'),
(446, 23, 6, 3, 'aktif'),
(447, 23, 7, 1, 'aktif'),
(448, 23, 8, 2, 'aktif'),
(449, 23, 9, 3, 'aktif'),
(450, 23, 10, 3, 'aktif'),
(451, 23, 11, 4, 'aktif'),
(452, 23, 12, 2, 'aktif'),
(453, 23, 13, 4, 'aktif'),
(454, 23, 14, 2, 'aktif'),
(455, 23, 15, 4, 'aktif'),
(456, 23, 16, 3, 'aktif'),
(457, 23, 17, 2, 'aktif'),
(458, 23, 18, 2, 'aktif'),
(459, 23, 19, 3, 'aktif'),
(460, 23, 20, 1, 'aktif'),
(461, 24, 1, 3, 'aktif'),
(462, 24, 2, 2, 'aktif'),
(463, 24, 3, 2, 'aktif'),
(464, 24, 4, 3, 'aktif'),
(465, 24, 5, 2, 'aktif'),
(466, 24, 6, 4, 'aktif'),
(467, 24, 7, 3, 'aktif'),
(468, 24, 8, 1, 'aktif'),
(469, 24, 9, 3, 'aktif'),
(470, 24, 10, 2, 'aktif'),
(471, 24, 11, 2, 'aktif'),
(472, 24, 12, 2, 'aktif'),
(473, 24, 13, 3, 'aktif'),
(474, 24, 14, 3, 'aktif'),
(475, 24, 15, 1, 'aktif'),
(476, 24, 16, 4, 'aktif'),
(477, 24, 17, 2, 'aktif'),
(478, 24, 18, 4, 'aktif'),
(479, 24, 19, 2, 'aktif'),
(480, 24, 20, 4, 'aktif'),
(481, 25, 1, 1, 'aktif'),
(482, 25, 2, 2, 'aktif'),
(483, 25, 3, 3, 'aktif'),
(484, 25, 4, 4, 'aktif'),
(485, 25, 5, 2, 'aktif'),
(486, 25, 6, 3, 'aktif'),
(487, 25, 7, 2, 'aktif'),
(488, 25, 8, 3, 'aktif'),
(489, 25, 9, 3, 'aktif'),
(490, 25, 10, 2, 'aktif'),
(491, 25, 11, 4, 'aktif'),
(492, 25, 12, 2, 'aktif'),
(493, 25, 13, 3, 'aktif'),
(494, 25, 14, 1, 'aktif'),
(495, 25, 15, 4, 'aktif'),
(496, 25, 16, 2, 'aktif'),
(497, 25, 17, 2, 'aktif'),
(498, 25, 18, 2, 'aktif'),
(499, 25, 19, 3, 'aktif'),
(500, 25, 20, 3, 'aktif'),
(501, 26, 1, 4, 'aktif'),
(502, 26, 2, 3, 'aktif'),
(503, 26, 3, 2, 'aktif'),
(504, 26, 4, 3, 'aktif'),
(505, 26, 5, 3, 'aktif'),
(506, 26, 6, 4, 'aktif'),
(507, 26, 7, 1, 'aktif'),
(508, 26, 8, 4, 'aktif'),
(509, 26, 9, 2, 'aktif'),
(510, 26, 10, 3, 'aktif'),
(511, 26, 11, 2, 'aktif'),
(512, 26, 12, 2, 'aktif'),
(513, 26, 13, 3, 'aktif'),
(514, 26, 14, 2, 'aktif'),
(515, 26, 15, 3, 'aktif'),
(516, 26, 16, 2, 'aktif'),
(517, 26, 17, 2, 'aktif'),
(518, 26, 18, 2, 'aktif'),
(519, 26, 19, 2, 'aktif'),
(520, 26, 20, 2, 'aktif'),
(521, 27, 1, 4, 'aktif'),
(522, 27, 2, 3, 'aktif'),
(523, 27, 3, 3, 'aktif'),
(524, 27, 4, 1, 'aktif'),
(525, 27, 5, 4, 'aktif'),
(526, 27, 6, 2, 'aktif'),
(527, 27, 7, 4, 'aktif'),
(528, 27, 8, 2, 'aktif'),
(529, 27, 9, 3, 'aktif'),
(530, 27, 10, 2, 'aktif'),
(531, 27, 11, 3, 'aktif'),
(532, 27, 12, 3, 'aktif'),
(533, 27, 13, 2, 'aktif'),
(534, 27, 14, 1, 'aktif'),
(535, 27, 15, 2, 'aktif'),
(536, 27, 16, 3, 'aktif'),
(537, 27, 17, 2, 'aktif'),
(538, 27, 18, 2, 'aktif'),
(539, 27, 19, 2, 'aktif'),
(540, 27, 20, 3, 'aktif'),
(541, 28, 1, 2, 'aktif'),
(542, 28, 2, 4, 'aktif'),
(543, 28, 3, 2, 'aktif'),
(544, 28, 4, 3, 'aktif'),
(545, 28, 5, 2, 'aktif'),
(546, 28, 6, 2, 'aktif'),
(547, 28, 7, 1, 'aktif'),
(548, 28, 8, 4, 'aktif'),
(549, 28, 9, 3, 'aktif'),
(550, 28, 10, 3, 'aktif'),
(551, 28, 11, 2, 'aktif'),
(552, 28, 12, 2, 'aktif'),
(553, 28, 13, 3, 'aktif'),
(554, 28, 14, 2, 'aktif'),
(555, 28, 15, 3, 'aktif'),
(556, 28, 16, 2, 'aktif'),
(557, 28, 17, 3, 'aktif'),
(558, 28, 18, 2, 'aktif'),
(559, 28, 19, 2, 'aktif'),
(560, 28, 20, 3, 'aktif'),
(561, 29, 1, 2, 'aktif'),
(562, 29, 2, 2, 'aktif'),
(563, 29, 3, 2, 'aktif'),
(564, 29, 4, 2, 'aktif'),
(565, 29, 5, 1, 'aktif'),
(566, 29, 6, 2, 'aktif'),
(567, 29, 7, 4, 'aktif'),
(568, 29, 8, 3, 'aktif'),
(569, 29, 9, 2, 'aktif'),
(570, 29, 10, 1, 'aktif'),
(571, 29, 11, 2, 'aktif'),
(572, 29, 12, 3, 'aktif'),
(573, 29, 13, 2, 'aktif'),
(574, 29, 14, 4, 'aktif'),
(575, 29, 15, 3, 'aktif'),
(576, 29, 16, 4, 'aktif'),
(577, 29, 17, 1, 'aktif'),
(578, 29, 18, 3, 'aktif'),
(579, 29, 19, 2, 'aktif'),
(580, 29, 20, 4, 'aktif'),
(581, 30, 1, 1, 'aktif'),
(582, 30, 2, 3, 'aktif'),
(583, 30, 3, 2, 'aktif'),
(584, 30, 4, 4, 'aktif'),
(585, 30, 5, 2, 'aktif'),
(586, 30, 6, 4, 'aktif'),
(587, 30, 7, 2, 'aktif'),
(588, 30, 8, 4, 'aktif'),
(589, 30, 9, 1, 'aktif'),
(590, 30, 10, 3, 'aktif'),
(591, 30, 11, 2, 'aktif'),
(592, 30, 12, 2, 'aktif'),
(593, 30, 13, 2, 'aktif'),
(594, 30, 14, 1, 'aktif'),
(595, 30, 15, 3, 'aktif'),
(596, 30, 16, 2, 'aktif'),
(597, 30, 17, 2, 'aktif'),
(598, 30, 18, 2, 'aktif'),
(599, 30, 19, 3, 'aktif'),
(600, 30, 20, 2, 'aktif'),
(601, 31, 1, 2, 'aktif'),
(602, 31, 2, 2, 'aktif'),
(603, 31, 3, 3, 'aktif'),
(604, 31, 4, 1, 'aktif'),
(605, 31, 5, 2, 'aktif'),
(606, 31, 6, 2, 'aktif'),
(607, 31, 7, 4, 'aktif'),
(608, 31, 8, 3, 'aktif'),
(609, 31, 9, 2, 'aktif'),
(610, 31, 10, 1, 'aktif'),
(611, 31, 11, 2, 'aktif'),
(612, 31, 12, 3, 'aktif'),
(613, 31, 13, 2, 'aktif'),
(614, 31, 14, 4, 'aktif'),
(615, 31, 15, 2, 'aktif'),
(616, 31, 16, 4, 'aktif'),
(617, 31, 17, 1, 'aktif'),
(618, 31, 18, 3, 'aktif'),
(619, 31, 19, 2, 'aktif'),
(620, 31, 20, 4, 'aktif'),
(621, 32, 1, 4, 'aktif'),
(622, 32, 2, 2, 'aktif'),
(623, 32, 3, 4, 'aktif'),
(624, 32, 4, 2, 'aktif'),
(625, 32, 5, 3, 'aktif'),
(626, 32, 6, 1, 'aktif'),
(627, 32, 7, 3, 'aktif'),
(628, 32, 8, 2, 'aktif'),
(629, 32, 9, 4, 'aktif'),
(630, 32, 10, 1, 'aktif'),
(631, 32, 11, 2, 'aktif'),
(632, 32, 12, 2, 'aktif'),
(633, 32, 13, 2, 'aktif'),
(634, 32, 14, 2, 'aktif'),
(635, 32, 15, 2, 'aktif'),
(636, 32, 16, 3, 'aktif'),
(637, 32, 17, 2, 'aktif'),
(638, 32, 18, 2, 'aktif'),
(639, 32, 19, 2, 'aktif'),
(640, 32, 20, 1, 'aktif'),
(641, 33, 1, 4, 'aktif'),
(642, 33, 2, 2, 'aktif'),
(643, 33, 3, 4, 'aktif'),
(644, 33, 4, 2, 'aktif'),
(645, 33, 5, 3, 'aktif'),
(646, 33, 6, 2, 'aktif'),
(647, 33, 7, 4, 'aktif'),
(648, 33, 8, 2, 'aktif'),
(649, 33, 9, 4, 'aktif'),
(650, 33, 10, 2, 'aktif'),
(651, 33, 11, 2, 'aktif'),
(652, 33, 12, 2, 'aktif'),
(653, 33, 13, 1, 'aktif'),
(654, 33, 14, 2, 'aktif'),
(655, 33, 15, 3, 'aktif'),
(656, 33, 16, 2, 'aktif'),
(657, 33, 17, 2, 'aktif'),
(658, 33, 18, 3, 'aktif'),
(659, 33, 19, 2, 'aktif'),
(660, 33, 20, 2, 'aktif'),
(661, 34, 1, 1, 'aktif'),
(662, 34, 2, 2, 'aktif'),
(663, 34, 3, 4, 'aktif'),
(664, 34, 4, 3, 'aktif'),
(665, 34, 5, 2, 'aktif'),
(666, 34, 6, 2, 'aktif'),
(667, 34, 7, 3, 'aktif'),
(668, 34, 8, 2, 'aktif'),
(669, 34, 9, 1, 'aktif'),
(670, 34, 10, 2, 'aktif'),
(671, 34, 11, 3, 'aktif'),
(672, 34, 12, 2, 'aktif'),
(673, 34, 13, 4, 'aktif'),
(674, 34, 14, 3, 'aktif'),
(675, 34, 15, 4, 'aktif'),
(676, 34, 16, 3, 'aktif'),
(677, 34, 17, 4, 'aktif'),
(678, 34, 18, 2, 'aktif'),
(679, 34, 19, 4, 'aktif'),
(680, 34, 20, 2, 'aktif'),
(681, 35, 1, 2, 'aktif'),
(682, 35, 2, 1, 'aktif'),
(683, 35, 3, 2, 'aktif'),
(684, 35, 4, 3, 'aktif'),
(685, 35, 5, 4, 'aktif'),
(686, 35, 6, 2, 'aktif'),
(687, 35, 7, 2, 'aktif'),
(688, 35, 8, 1, 'aktif'),
(689, 35, 9, 2, 'aktif'),
(690, 35, 10, 3, 'aktif'),
(691, 35, 11, 4, 'aktif'),
(692, 35, 12, 3, 'aktif'),
(693, 35, 13, 2, 'aktif'),
(694, 35, 14, 2, 'aktif'),
(695, 35, 15, 4, 'aktif'),
(696, 35, 16, 2, 'aktif'),
(697, 35, 17, 3, 'aktif'),
(698, 35, 18, 2, 'aktif'),
(699, 35, 19, 4, 'aktif'),
(700, 35, 20, 2, 'aktif'),
(701, 36, 1, 2, 'aktif'),
(702, 36, 2, 2, 'aktif'),
(703, 36, 3, 2, 'aktif'),
(704, 36, 4, 2, 'aktif'),
(705, 36, 5, 3, 'aktif'),
(706, 36, 6, 2, 'aktif'),
(707, 36, 7, 2, 'aktif'),
(708, 36, 8, 3, 'aktif'),
(709, 36, 9, 1, 'aktif'),
(710, 36, 10, 2, 'aktif'),
(711, 36, 11, 2, 'aktif'),
(712, 36, 12, 4, 'aktif'),
(713, 36, 13, 3, 'aktif'),
(714, 36, 14, 3, 'aktif'),
(715, 36, 15, 2, 'aktif'),
(716, 36, 16, 4, 'aktif'),
(717, 36, 17, 1, 'aktif'),
(718, 36, 18, 4, 'aktif'),
(719, 36, 19, 2, 'aktif'),
(720, 36, 20, 4, 'aktif'),
(721, 37, 1, 2, 'aktif'),
(722, 37, 2, 1, 'aktif'),
(723, 37, 3, 2, 'aktif'),
(724, 37, 4, 3, 'aktif'),
(725, 37, 5, 2, 'aktif'),
(726, 37, 6, 1, 'aktif'),
(727, 37, 7, 2, 'aktif'),
(728, 37, 8, 1, 'aktif'),
(729, 37, 9, 2, 'aktif'),
(730, 37, 10, 2, 'aktif'),
(731, 37, 11, 4, 'aktif'),
(732, 37, 12, 1, 'aktif'),
(733, 37, 13, 3, 'aktif'),
(734, 37, 14, 2, 'aktif'),
(735, 37, 15, 4, 'aktif'),
(736, 37, 16, 2, 'aktif'),
(737, 37, 17, 3, 'aktif'),
(738, 37, 18, 2, 'aktif'),
(739, 37, 19, 3, 'aktif'),
(740, 37, 20, 3, 'aktif'),
(741, 38, 1, 3, 'aktif'),
(742, 38, 2, 2, 'aktif'),
(743, 38, 3, 2, 'aktif'),
(744, 38, 4, 2, 'aktif'),
(745, 38, 5, 2, 'aktif'),
(746, 38, 6, 2, 'aktif'),
(747, 38, 7, 2, 'aktif'),
(748, 38, 8, 3, 'aktif'),
(749, 38, 9, 2, 'aktif'),
(750, 38, 10, 2, 'aktif'),
(751, 38, 11, 1, 'aktif'),
(752, 38, 12, 3, 'aktif'),
(753, 38, 13, 2, 'aktif'),
(754, 38, 14, 3, 'aktif'),
(755, 38, 15, 2, 'aktif'),
(756, 38, 16, 3, 'aktif'),
(757, 38, 17, 1, 'aktif'),
(758, 38, 18, 4, 'aktif'),
(759, 38, 19, 2, 'aktif'),
(760, 38, 20, 4, 'aktif'),
(761, 41, 0, 1, 'delete'),
(762, 42, 1, 1, 'delete'),
(763, 43, 2, 1, 'delete'),
(764, 44, 3, 1, 'delete'),
(765, 45, 4, 1, 'delete'),
(766, 46, 5, 1, 'delete'),
(767, 47, 6, 1, 'delete'),
(768, 48, 7, 1, 'aktif'),
(769, 49, 8, 1, 'aktif'),
(770, 50, 9, 1, 'aktif'),
(771, 51, 10, 1, 'aktif'),
(772, 52, 11, 1, 'delete'),
(773, 53, 12, 1, 'aktif'),
(774, 54, 13, 1, 'aktif'),
(775, 55, 14, 1, 'aktif'),
(776, 56, 15, 1, 'aktif'),
(777, 57, 16, 1, 'aktif'),
(778, 58, 17, 1, 'aktif'),
(779, 59, 18, 1, 'aktif'),
(780, 60, 19, 1, 'aktif'),
(781, 61, 20, 1, 'aktif'),
(782, 43, 1, 1, 'delete'),
(783, 44, 2, 1, 'delete'),
(784, 45, 3, 1, 'delete'),
(785, 46, 4, 1, 'delete'),
(786, 47, 5, 1, 'delete'),
(787, 48, 6, 1, 'aktif'),
(788, 49, 7, 1, 'aktif'),
(789, 50, 8, 1, 'aktif'),
(790, 51, 9, 1, 'aktif'),
(791, 52, 10, 1, 'delete'),
(792, 53, 11, 1, 'aktif'),
(793, 54, 12, 1, 'aktif'),
(794, 55, 13, 1, 'aktif'),
(795, 56, 14, 1, 'aktif'),
(796, 57, 15, 1, 'aktif'),
(797, 58, 16, 1, 'aktif'),
(798, 59, 17, 1, 'aktif'),
(799, 60, 18, 1, 'aktif'),
(800, 61, 19, 1, 'aktif'),
(801, 62, 20, 1, 'aktif'),
(802, 45, 2, 1, 'delete'),
(803, 46, 3, 1, 'delete'),
(804, 47, 4, 1, 'delete'),
(805, 48, 5, 1, 'manual'),
(806, 49, 6, 1, 'manual'),
(807, 50, 7, 1, 'manual'),
(808, 51, 8, 1, 'manual'),
(809, 52, 9, 1, 'delete'),
(810, 53, 10, 1, 'manual'),
(811, 54, 11, 1, 'manual'),
(812, 55, 12, 1, 'manual'),
(813, 56, 13, 1, 'manual'),
(814, 57, 14, 1, 'manual'),
(815, 58, 15, 1, 'manual'),
(816, 59, 16, 1, 'manual'),
(817, 60, 17, 1, 'manual'),
(818, 61, 18, 1, 'manual'),
(819, 62, 19, 1, 'manual'),
(820, 63, 20, 1, 'manual'),
(821, 46, 2, 1, 'delete'),
(822, 47, 3, 1, 'delete'),
(823, 48, 4, 1, 'manual'),
(824, 49, 5, 1, 'manual'),
(825, 50, 6, 1, 'manual'),
(826, 51, 7, 1, 'manual'),
(827, 52, 8, 1, 'delete'),
(828, 53, 9, 1, 'manual'),
(829, 54, 10, 1, 'manual'),
(830, 55, 11, 1, 'manual'),
(831, 56, 12, 1, 'manual'),
(832, 57, 13, 1, 'manual'),
(833, 58, 14, 1, 'manual'),
(834, 59, 15, 1, 'manual'),
(835, 60, 16, 1, 'manual'),
(836, 61, 17, 1, 'manual'),
(837, 62, 18, 1, 'manual'),
(838, 63, 19, 1, 'manual'),
(839, 64, 20, 1, 'manual'),
(840, 47, 1, 1, 'delete'),
(841, 48, 2, 1, 'manual'),
(842, 49, 3, 1, 'manual'),
(843, 50, 4, 1, 'manual'),
(844, 51, 5, 1, 'manual'),
(845, 52, 6, 1, 'delete'),
(846, 53, 7, 1, 'manual'),
(847, 54, 8, 1, 'manual'),
(848, 55, 9, 1, 'manual'),
(849, 56, 10, 1, 'manual'),
(850, 57, 11, 1, 'manual'),
(851, 58, 12, 1, 'manual'),
(852, 59, 13, 1, 'manual'),
(853, 60, 14, 1, 'manual'),
(854, 61, 15, 1, 'manual'),
(855, 62, 16, 1, 'manual'),
(856, 63, 17, 1, 'manual'),
(857, 64, 18, 1, 'manual'),
(858, 65, 19, 1, 'manual'),
(859, 48, 1, 1, 'manual'),
(860, 49, 2, 1, 'manual'),
(861, 50, 3, 1, 'manual'),
(862, 51, 4, 1, 'manual'),
(863, 52, 5, 1, 'delete'),
(864, 53, 6, 1, 'manual'),
(865, 54, 7, 1, 'manual'),
(866, 55, 8, 1, 'manual'),
(867, 56, 9, 1, 'manual'),
(868, 57, 10, 1, 'manual'),
(869, 58, 11, 1, 'manual'),
(870, 59, 12, 1, 'manual'),
(871, 60, 13, 1, 'manual'),
(872, 61, 14, 1, 'manual'),
(873, 62, 15, 1, 'manual'),
(874, 63, 16, 1, 'manual'),
(875, 64, 17, 1, 'manual'),
(876, 65, 18, 1, 'manual'),
(877, 66, 19, 1, 'manual'),
(878, 49, 1, 1, 'manual'),
(879, 50, 2, 1, 'manual'),
(880, 51, 3, 1, 'manual'),
(881, 52, 4, 1, 'delete'),
(882, 53, 5, 1, 'manual'),
(883, 54, 6, 1, 'manual'),
(884, 55, 7, 1, 'manual'),
(885, 56, 8, 1, 'manual'),
(886, 57, 9, 1, 'manual'),
(887, 58, 10, 1, 'manual'),
(888, 59, 11, 1, 'manual'),
(889, 60, 12, 1, 'manual'),
(890, 61, 13, 1, 'manual'),
(891, 62, 14, 1, 'manual'),
(892, 63, 15, 1, 'manual'),
(893, 64, 16, 1, 'manual'),
(894, 65, 17, 1, 'manual'),
(895, 66, 18, 1, 'manual'),
(896, 67, 19, 1, 'manual'),
(897, 50, 1, 1, 'manual'),
(898, 51, 2, 1, 'manual'),
(899, 52, 3, 1, 'delete'),
(900, 53, 4, 1, 'manual'),
(901, 54, 5, 1, 'manual'),
(902, 55, 6, 1, 'manual'),
(903, 56, 7, 1, 'manual'),
(904, 57, 8, 1, 'manual'),
(905, 58, 9, 1, 'manual'),
(906, 59, 10, 1, 'manual'),
(907, 60, 11, 1, 'manual'),
(908, 61, 12, 1, 'manual'),
(909, 62, 13, 1, 'manual'),
(910, 63, 14, 1, 'manual'),
(911, 64, 15, 1, 'manual'),
(912, 65, 16, 1, 'manual'),
(913, 66, 17, 1, 'manual'),
(914, 67, 18, 1, 'manual'),
(915, 68, 19, 1, 'manual'),
(916, 48, 1, 3, 'manual'),
(917, 49, 2, 2, 'manual'),
(918, 50, 3, 4, 'manual'),
(919, 51, 4, 2, 'manual'),
(920, 52, 5, 4, 'delete'),
(921, 53, 6, 2, 'manual'),
(922, 54, 7, 4, 'manual'),
(923, 55, 8, 2, 'manual'),
(924, 56, 9, 4, 'manual'),
(925, 57, 10, 1, 'manual'),
(926, 58, 11, 2, 'manual'),
(927, 59, 12, 2, 'manual'),
(928, 60, 13, 1, 'manual'),
(929, 61, 14, 2, 'manual'),
(930, 62, 15, 1, 'manual'),
(931, 63, 16, 1, 'manual'),
(932, 64, 17, 2, 'manual'),
(933, 65, 18, 2, 'manual'),
(934, 66, 19, 1, 'manual'),
(935, 49, 1, 3, 'manual'),
(936, 50, 2, 3, 'manual'),
(937, 51, 3, 1, 'manual'),
(938, 52, 4, 3, 'delete'),
(939, 53, 5, 3, 'manual'),
(940, 54, 6, 2, 'manual'),
(941, 55, 7, 1, 'manual'),
(942, 56, 8, 1, 'manual'),
(943, 57, 9, 1, 'manual'),
(944, 58, 10, 3, 'manual'),
(945, 59, 11, 1, 'manual'),
(946, 60, 12, 3, 'manual'),
(947, 61, 13, 2, 'manual'),
(948, 62, 14, 2, 'manual'),
(949, 63, 15, 1, 'manual'),
(950, 64, 16, 3, 'manual'),
(951, 65, 17, 3, 'manual'),
(952, 66, 18, 4, 'manual'),
(953, 67, 19, 1, 'manual'),
(954, 50, 1, 2, 'manual'),
(955, 51, 2, 2, 'manual'),
(956, 52, 3, 2, 'delete'),
(957, 53, 4, 2, 'manual'),
(958, 54, 5, 2, 'manual'),
(959, 55, 6, 2, 'manual'),
(960, 56, 7, 3, 'manual'),
(961, 57, 8, 3, 'manual'),
(962, 58, 9, 2, 'manual'),
(963, 59, 10, 2, 'manual'),
(964, 60, 11, 2, 'manual'),
(965, 61, 12, 3, 'manual'),
(966, 62, 13, 2, 'manual'),
(967, 63, 14, 2, 'manual'),
(968, 64, 15, 3, 'manual'),
(969, 65, 16, 3, 'manual'),
(970, 66, 17, 2, 'manual'),
(971, 67, 18, 2, 'manual'),
(972, 68, 19, 2, 'manual'),
(973, 49, 1, 1, 'aktif'),
(974, 49, 2, 3, 'aktif'),
(975, 49, 3, 2, 'aktif'),
(976, 49, 4, 4, 'aktif'),
(977, 49, 5, 1, 'aktif'),
(978, 49, 6, 3, 'aktif'),
(979, 49, 7, 2, 'aktif'),
(980, 49, 8, 4, 'aktif'),
(981, 49, 9, 2, 'aktif'),
(982, 49, 10, 3, 'aktif'),
(983, 49, 11, 2, 'aktif'),
(984, 49, 12, 1, 'aktif'),
(985, 49, 13, 2, 'aktif'),
(986, 49, 14, 2, 'aktif'),
(987, 49, 15, 3, 'aktif'),
(988, 49, 16, 2, 'aktif'),
(989, 49, 17, 3, 'aktif'),
(990, 49, 18, 2, 'aktif'),
(991, 49, 19, 2, 'aktif'),
(992, 49, 20, 2, 'aktif'),
(993, 50, 1, 2, 'aktif'),
(994, 50, 2, 2, 'aktif'),
(995, 50, 3, 2, 'aktif'),
(996, 50, 4, 3, 'aktif'),
(997, 50, 5, 2, 'aktif'),
(998, 50, 6, 3, 'aktif'),
(999, 50, 7, 2, 'aktif'),
(1000, 50, 8, 3, 'aktif'),
(1001, 50, 9, 2, 'aktif'),
(1002, 50, 10, 2, 'aktif'),
(1003, 50, 11, 2, 'aktif'),
(1004, 50, 12, 4, 'aktif'),
(1005, 50, 13, 3, 'aktif'),
(1006, 50, 14, 4, 'aktif'),
(1007, 50, 15, 2, 'aktif'),
(1008, 50, 16, 3, 'aktif'),
(1009, 50, 17, 2, 'aktif'),
(1010, 50, 18, 4, 'aktif'),
(1011, 50, 19, 2, 'aktif'),
(1012, 50, 20, 4, 'aktif'),
(1013, 51, 1, 2, 'aktif'),
(1014, 51, 2, 2, 'aktif'),
(1015, 51, 3, 3, 'aktif'),
(1016, 51, 4, 2, 'aktif'),
(1017, 51, 5, 3, 'aktif'),
(1018, 51, 6, 2, 'aktif'),
(1019, 51, 7, 3, 'aktif'),
(1020, 51, 8, 1, 'aktif'),
(1021, 51, 9, 2, 'aktif'),
(1022, 51, 10, 3, 'aktif'),
(1023, 51, 11, 2, 'aktif'),
(1024, 51, 12, 3, 'aktif'),
(1025, 51, 13, 2, 'aktif'),
(1026, 51, 14, 4, 'aktif'),
(1027, 51, 15, 2, 'aktif'),
(1028, 51, 16, 3, 'aktif'),
(1029, 51, 17, 2, 'aktif'),
(1030, 51, 18, 4, 'aktif'),
(1031, 51, 19, 2, 'aktif'),
(1032, 51, 20, 4, 'aktif'),
(1033, 52, 1, 4, 'delete'),
(1034, 52, 2, 2, 'delete'),
(1035, 52, 3, 3, 'delete'),
(1036, 52, 4, 4, 'delete'),
(1037, 52, 5, 2, 'delete'),
(1038, 52, 6, 3, 'delete'),
(1039, 52, 7, 2, 'delete'),
(1040, 52, 8, 4, 'delete'),
(1041, 52, 9, 2, 'delete'),
(1042, 52, 10, 4, 'delete'),
(1043, 52, 11, 2, 'delete'),
(1044, 52, 12, 1, 'delete'),
(1045, 52, 13, 3, 'delete'),
(1046, 52, 14, 2, 'delete'),
(1047, 52, 15, 2, 'delete'),
(1048, 52, 16, 2, 'delete'),
(1049, 52, 17, 2, 'delete'),
(1050, 52, 18, 3, 'delete'),
(1051, 52, 19, 2, 'delete'),
(1052, 52, 20, 3, 'delete'),
(1053, 53, 1, 2, 'aktif'),
(1054, 53, 2, 3, 'aktif'),
(1055, 53, 3, 2, 'aktif'),
(1056, 53, 4, 4, 'aktif'),
(1057, 53, 5, 2, 'aktif'),
(1058, 53, 6, 4, 'aktif'),
(1059, 53, 7, 2, 'aktif'),
(1060, 53, 8, 3, 'aktif'),
(1061, 53, 9, 1, 'aktif'),
(1062, 53, 10, 3, 'aktif'),
(1063, 53, 11, 2, 'aktif'),
(1064, 53, 12, 3, 'aktif'),
(1065, 53, 13, 2, 'aktif'),
(1066, 53, 14, 2, 'aktif'),
(1067, 53, 15, 2, 'aktif'),
(1068, 53, 16, 3, 'aktif'),
(1069, 53, 17, 2, 'aktif'),
(1070, 53, 18, 2, 'aktif'),
(1071, 53, 19, 2, 'aktif'),
(1072, 53, 20, 2, 'aktif'),
(1073, 54, 1, 1, 'aktif'),
(1074, 54, 2, 2, 'aktif'),
(1075, 54, 3, 3, 'aktif'),
(1076, 54, 4, 2, 'aktif'),
(1077, 54, 5, 3, 'aktif'),
(1078, 54, 6, 2, 'aktif'),
(1079, 54, 7, 2, 'aktif'),
(1080, 54, 8, 3, 'aktif'),
(1081, 54, 9, 2, 'aktif'),
(1082, 54, 10, 3, 'aktif'),
(1083, 54, 11, 4, 'aktif'),
(1084, 54, 12, 2, 'aktif'),
(1085, 54, 13, 3, 'aktif'),
(1086, 54, 14, 2, 'aktif'),
(1087, 54, 15, 4, 'aktif'),
(1088, 54, 16, 2, 'aktif'),
(1089, 54, 17, 3, 'aktif'),
(1090, 54, 18, 2, 'aktif'),
(1091, 54, 19, 4, 'aktif'),
(1092, 54, 20, 2, 'aktif'),
(1093, 55, 1, 4, 'aktif'),
(1094, 55, 2, 2, 'aktif'),
(1095, 55, 3, 3, 'aktif'),
(1096, 55, 4, 2, 'aktif'),
(1097, 55, 5, 4, 'aktif'),
(1098, 55, 6, 2, 'aktif'),
(1099, 55, 7, 3, 'aktif'),
(1100, 55, 8, 2, 'aktif'),
(1101, 55, 9, 4, 'aktif'),
(1102, 55, 10, 2, 'aktif'),
(1103, 55, 11, 3, 'aktif'),
(1104, 55, 12, 2, 'aktif'),
(1105, 55, 13, 1, 'aktif'),
(1106, 55, 14, 2, 'aktif'),
(1107, 55, 15, 2, 'aktif'),
(1108, 55, 16, 3, 'aktif'),
(1109, 55, 17, 2, 'aktif'),
(1110, 55, 18, 2, 'aktif'),
(1111, 55, 19, 3, 'aktif'),
(1112, 55, 20, 2, 'aktif'),
(1113, 56, 1, 2, 'aktif'),
(1114, 56, 2, 3, 'aktif'),
(1115, 56, 3, 2, 'aktif'),
(1116, 56, 4, 4, 'aktif'),
(1117, 56, 5, 3, 'aktif'),
(1118, 56, 6, 4, 'aktif'),
(1119, 56, 7, 2, 'aktif'),
(1120, 56, 8, 4, 'aktif'),
(1121, 56, 9, 2, 'aktif'),
(1122, 56, 10, 3, 'aktif'),
(1123, 56, 11, 2, 'aktif'),
(1124, 56, 12, 1, 'aktif'),
(1125, 56, 13, 2, 'aktif'),
(1126, 56, 14, 3, 'aktif'),
(1127, 56, 15, 2, 'aktif'),
(1128, 56, 16, 3, 'aktif'),
(1129, 56, 17, 2, 'aktif'),
(1130, 56, 18, 2, 'aktif'),
(1131, 56, 19, 2, 'aktif'),
(1132, 56, 20, 2, 'aktif'),
(1133, 57, 1, 3, 'aktif'),
(1134, 57, 2, 3, 'aktif'),
(1135, 57, 3, 3, 'aktif'),
(1136, 57, 4, 4, 'aktif'),
(1137, 57, 5, 3, 'aktif'),
(1138, 57, 6, 3, 'aktif'),
(1139, 57, 7, 2, 'aktif'),
(1140, 57, 8, 2, 'aktif'),
(1141, 57, 9, 2, 'aktif'),
(1142, 57, 10, 4, 'aktif'),
(1143, 57, 11, 2, 'aktif'),
(1144, 57, 12, 4, 'aktif'),
(1145, 57, 13, 2, 'aktif'),
(1146, 57, 14, 3, 'aktif'),
(1147, 57, 15, 2, 'aktif'),
(1148, 57, 16, 4, 'aktif'),
(1149, 57, 17, 2, 'aktif'),
(1150, 57, 18, 3, 'aktif'),
(1151, 57, 19, 2, 'aktif'),
(1152, 57, 20, 4, 'aktif'),
(1153, 58, 1, 2, 'aktif'),
(1154, 58, 2, 3, 'aktif'),
(1155, 58, 3, 2, 'aktif'),
(1156, 58, 4, 4, 'aktif'),
(1157, 58, 5, 3, 'aktif'),
(1158, 58, 6, 2, 'aktif'),
(1159, 58, 7, 1, 'aktif'),
(1160, 58, 8, 2, 'aktif'),
(1161, 58, 9, 2, 'aktif'),
(1162, 58, 10, 3, 'aktif'),
(1163, 58, 11, 2, 'aktif'),
(1164, 58, 12, 4, 'aktif'),
(1165, 58, 13, 2, 'aktif'),
(1166, 58, 14, 3, 'aktif'),
(1167, 58, 15, 2, 'aktif'),
(1168, 58, 16, 4, 'aktif'),
(1169, 58, 17, 3, 'aktif'),
(1170, 58, 18, 4, 'aktif'),
(1171, 58, 19, 2, 'aktif'),
(1172, 58, 20, 3, 'aktif'),
(1173, 51, 1, 2, 'manual'),
(1174, 52, 2, 4, 'manual'),
(1175, 53, 3, 2, 'manual'),
(1176, 54, 4, 4, 'manual'),
(1177, 55, 5, 2, 'manual'),
(1178, 56, 6, 4, 'manual'),
(1179, 57, 7, 2, 'manual'),
(1180, 58, 8, 2, 'manual'),
(1181, 59, 9, 3, 'manual'),
(1182, 60, 10, 4, 'manual'),
(1183, 61, 11, 2, 'manual'),
(1184, 62, 12, 2, 'manual'),
(1185, 63, 13, 2, 'manual'),
(1186, 64, 14, 3, 'manual'),
(1187, 65, 15, 2, 'manual'),
(1188, 66, 16, 1, 'manual'),
(1189, 67, 17, 2, 'manual'),
(1190, 68, 18, 2, 'manual'),
(1191, 69, 19, 2, 'manual');

-- --------------------------------------------------------

--
-- Table structure for table `hasil`
--

CREATE TABLE `hasil` (
  `id_hasil` int(11) NOT NULL,
  `no_induk` int(11) NOT NULL,
  `Nama` varchar(250) NOT NULL,
  `kelas` varchar(10) DEFAULT NULL,
  `Tanggal_tes` date NOT NULL,
  `Gaya_Belajar` int(1) NOT NULL,
  `status` varchar(10) NOT NULL
) ENGINE=InnoDB DEFAULT CHARSET=utf8mb4 COLLATE=utf8mb4_general_ci;

--
-- Dumping data for table `hasil`
--

INSERT INTO `hasil` (`id_hasil`, `no_induk`, `Nama`, `kelas`, `Tanggal_tes`, `Gaya_Belajar`, `status`) VALUES
(4, 15365, 'Arge Julianto Saputra', 'XII PM 1', '2023-03-28', 2, 'aktif'),
(5, 15366, 'Arum Puspita Ningsih', 'XII PM 1', '2023-03-28', 3, 'aktif'),
(6, 15367, 'Clara Dwie Angelia', 'XII PM 1', '2023-03-28', 2, 'aktif'),
(7, 15368, 'Dea Zaida Safitri', 'XII PM 1', '2023-03-28', 1, 'aktif'),
(8, 15369, 'Dian Widiarti', 'XII PM 1', '2023-03-28', 0, 'aktif'),
(9, 15370, 'Erlin Kristianti', 'XII PM 1', '2023-03-28', 1, 'aktif'),
(10, 15371, 'Eva Indah Safitri', 'XII PM 1', '2023-03-28', 3, 'aktif'),
(11, 15372, 'Heryani Nazwa Salsabillah', 'XII PM 1', '2023-03-28', 1, 'aktif'),
(12, 15373, 'Ika Nalisa', 'XII PM 1', '2023-03-28', 3, 'aktif'),
(13, 15374, 'Intan Slaviana', 'XII PM 1', '2023-03-28', 0, 'delete'),
(14, 15375, 'Isye Dzika Ainur Rizqi', 'XII PM 1', '2023-03-28', 0, 'aktif'),
(15, 15376, 'Lafega Nur Hapsari', 'XII PM 1', '2023-03-28', 2, 'aktif'),
(16, 15377, 'Lusiana Indah Saputri', 'XII PM 1', '2023-03-28', 2, 'aktif'),
(17, 15378, 'Maghfira Nayla Difani', 'XII PM 1', '2023-03-28', 3, 'aktif'),
(18, 15379, 'Marawati', 'XII PM 1', '2023-03-28', 2, 'aktif'),
(19, 15380, 'Miratun Muawanah', 'XII PM 1', '2023-03-28', 3, 'aktif'),
(20, 15362, 'Adelya Dwi Pertiwi', 'XII PM 1', '2023-03-29', 0, 'aktif'),
(21, 15363, 'Aida Elisya Ghurroh', 'XII PM 1', '2023-03-29', 1, 'aktif'),
(22, 15364, 'Anisa Nur Hasanah', 'XII PM 1', '2023-03-29', 2, 'aktif'),
(23, 15365, 'Arge Julianto Saputra', 'XII PM 1', '2023-03-29', 2, 'aktif'),
(24, 15366, 'Arum Puspita Ningsih', 'XII PM 1', '2023-03-29', 3, 'aktif'),
(25, 15367, 'Clara Dwie Angelia', 'XII PM 1', '2023-03-29', 2, 'aktif'),
(26, 15368, 'Dea Zaida Safitri', 'XII PM 1', '2023-03-29', 1, 'aktif'),
(27, 15369, 'Dian Widiarti', 'XII PM 1', '2023-03-29', 0, 'aktif'),
(28, 15370, 'Erlin Kristianti', 'XII PM 1', '2023-03-29', 1, 'aktif'),
(29, 15371, 'Eva Indah Safitri', 'XII PM 1', '2023-03-29', 3, 'aktif'),
(30, 15372, 'Heryani Nazwa Salsabillah', 'XII PM 1', '2023-03-29', 1, 'aktif'),
(31, 15373, 'Ika Nalisa', 'XII PM 1', '2023-03-29', 3, 'aktif'),
(32, 15374, 'Intan Slaviana', 'XII PM 1', '2023-03-29', 0, 'aktif'),
(33, 15375, 'Isye Dzika Ainur Rizqi', 'XII PM 1', '2023-03-29', 0, 'aktif'),
(34, 15376, 'Lafega Nur Hapsari', 'XII PM 1', '2023-03-29', 2, 'aktif'),
(35, 15377, 'Lusiana Indah Saputri', 'XII PM 1', '2023-03-29', 2, 'aktif'),
(36, 15378, 'Maghfira Nayla Difani', 'XII PM 1', '2023-03-29', 3, 'aktif'),
(37, 15379, 'Marawati', 'XII PM 1', '2023-03-29', 2, 'aktif'),
(38, 15380, 'Miratun Muawanah', 'XII PM 1', '2023-03-29', 3, 'aktif'),
(39, 126836129, 'Anton Arif Wijaya', 'XII PM 2', '2023-04-04', 2, 'delete'),
(40, 129449794, 'Bella Safira Nur Aeni', 'XII PM 2', '2023-04-04', 2, 'delete'),
(41, 126836129, 'Anton Arif Wijaya', 'XII PM 2', '2023-04-04', 2, 'delete'),
(42, 129449794, 'Bella Safira Nur Aeni', 'XII PM 2', '2023-04-04', 2, 'delete'),
(43, 129449794, 'Bella Safira Nur Aeni', 'XII PM 2', '2023-04-04', 2, 'delete'),
(44, 129449794, 'Bella Safira Nur Aeni', 'XII PM 2', '2023-04-04', 2, 'delete'),
(45, 129449794, 'Bella Safira Nur Aeni', 'XII PM 2', '2023-04-04', 2, 'delete'),
(46, 129449794, 'Bella Safira Nur Aeni', 'XII PM 2', '2023-04-04', 2, 'delete'),
(47, 129449794, 'Bella Safira Nur Aeni', 'XII PM 2', '2023-04-04', 2, 'delete'),
(48, 129449794, 'Bella Safira Nur Aeni', 'XII PM 2', '2023-04-04', 0, 'manual'),
(49, 129449794, 'Bella Safira Nur Aeni', 'XII PM 2', '2023-04-06', 1, 'manual'),
(50, 126836129, 'Anton Arif Wijaya', 'XII PM 2', '2023-04-08', 2, 'manual'),
(51, 126836129, 'Anton Arif Wijaya', 'XII PM 2', '2023-04-09', 2, 'manual'),
(62, 15401, 'Arum Ayu Lestari', 'XII PM 2', '2023-04-10', 2, 'manual');

-- --------------------------------------------------------

--
-- Table structure for table `jenis_gayabelajar`
--

CREATE TABLE `jenis_gayabelajar` (
  `id_gayabelajar` int(11) NOT NULL,
  `gaya_belajar` varchar(30) NOT NULL,
  `saran_belajar` text NOT NULL
) ENGINE=InnoDB DEFAULT CHARSET=utf8mb4 COLLATE=utf8mb4_general_ci;

--
-- Dumping data for table `jenis_gayabelajar`
--

INSERT INTO `jenis_gayabelajar` (`id_gayabelajar`, `gaya_belajar`, `saran_belajar`) VALUES
(1, 'Visual', 'Saran mengenai gaya belajar secara visual yakni melalau beberapa cara seperti pengenalan menggunakan beragam bentuk gambar untuk menyampaikan sebuah informasi, menjelaskan secara terperinci, belajar dengan mengingatkan pada sebuah lagu agar mudah dipahami.'),
(2, 'Auditorial', 'Saran mengenai gaya belajar secara auditorial belajar dengan menjelaskan materi secara lisan karena belajar auditorial lebih menekanan informasi lewat pendengaran, mereview secara verbal tentang apa yang dipelajari, dan  melakukan diskusi.'),
(3, 'Membaca dan Menulis', 'Saran mengenai gaya belajar membaca dan menulis adalah dengan menulis informasi atau pelajaran secara point-point yang penting agar mudah diserap informasi, meringkas pelajaran yang dipelajari, membaca berbagai sumber informasi.'),
(4, 'Kinestetik', 'Saran mengenai gaya belajar kinestetik dengan melakukan pembelajaran dengan mempraktekan apa yang dipelajari, membuat sebuah alat peraga untuk menarik perhatian, melakukan keterampilan, dan menggunakan gerakan untuk menyampaiakn mata pelajaran seperti gerakan tangan.');

-- --------------------------------------------------------

--
-- Table structure for table `login`
--

CREATE TABLE `login` (
  `id_login` int(11) NOT NULL,
  `no_induk` int(11) NOT NULL,
  `nama` varchar(100) NOT NULL,
  `kelas` varchar(10) NOT NULL,
  `password` varchar(30) NOT NULL,
  `level` varchar(30) NOT NULL
) ENGINE=InnoDB DEFAULT CHARSET=utf8mb4 COLLATE=utf8mb4_general_ci;

--
-- Dumping data for table `login`
--

INSERT INTO `login` (`id_login`, `no_induk`, `nama`, `kelas`, `password`, `level`) VALUES
(1, 10001, 'ADMIN 1', 'ADM1', '10001', 'admin'),
(2, 10002, 'ADMIN2', 'ADM2', '10002', 'admin'),
(3, 15398, 'Ade Tri Julia', 'XII PM 2', '15398\r\n', 'siswa'),
(4, 15399, 'Aini Salsabil', 'XIIPM2', '15399\r\n', 'siswa'),
(5, 15400, 'Anita Mei Wulandari', 'XII PM 2', '15400\r\n', 'siswa'),
(6, 15401, 'Arum Ayu Lestari', 'XII PM 2', '15401', 'siswa'),
(7, 15402, 'Asti Nathania Ziva', 'XII PM2', '15402', 'siswa'),
(8, 15469, 'Aliayah Indi Lestari', 'XII PM 2', '15469', 'siswa'),
(9, 15470, 'Alya Safa Nuraeani', 'XII PM 4', '15470', 'siswa'),
(10, 15471, 'Amanah Suci Cahyani', 'XI PM4', '15471', 'siswa'),
(11, 15472, 'Anjar Dwi Riandien', 'XII PM 4', '15472', 'siswa'),
(12, 126836129, 'Anton Arif Wijaya', 'XII PM 2', '0126836129', 'siswa'),
(13, 999, 'diana', 'XI PM4', '123', 'siswa');

-- --------------------------------------------------------

--
-- Table structure for table `pertanyaan`
--

CREATE TABLE `pertanyaan` (
  `id_pertanyaan` int(11) NOT NULL,
  `kode_pertanyaan` varchar(30) NOT NULL,
  `pertanyaan` text NOT NULL
) ENGINE=InnoDB DEFAULT CHARSET=utf8mb4 COLLATE=utf8mb4_general_ci;

--
-- Dumping data for table `pertanyaan`
--

INSERT INTO `pertanyaan` (`id_pertanyaan`, `kode_pertanyaan`, `pertanyaan`) VALUES
(1, 'A1', 'Jika mengerjakan sesuatu, saya selalu membaca instruksinya terlebih dulu.'),
(2, 'A2', 'Saya dapat mengingat lebih mudah apa yang orang katakan.'),
(3, 'A3', 'Ketika mendengar orang lain berbicara, saya biasanya membuat gambar dari apa yang mereka katakan dalam pikiran saya.'),
(4, 'A4', 'Saya biasanya lebih suka memainkan musik/lagu atau bernyanyi saat menghafal sesuatu.'),
(5, 'A5', 'Saat melihat obyek dalam bentuk gambar, saya dapat dengan mudah mengenali obyek yang sama walaupun posisi obyek itu diputar atau diubah.'),
(6, 'A6', 'Saya dapat mengingat dengan mudah apa yang orang katakan.'),
(7, 'A7', 'Saat mengingat suatu pengalaman, saya sering kali melihat pengalaman itu dalam bentuk gambar di dalam pikiran saya.'),
(8, 'A8', 'Mudah sekali bagi saya untuk mengobrol dalam waktu yang lama dengan kawan saya saat berbicara.'),
(9, 'A9', 'Saya sering mencoret-coret kertas saat memperhatikan guru mengajar dalam suatu pembelajaran.'),
(10, 'A10', 'Saya sangat senang berkumpul dan biasanya dapat dengan mudah berbicara dengan siapa saja.'),
(11, 'A11', 'Saya senang membaca artikel atau buku pelajaran.'),
(12, 'A12', 'Saya suka pelajaran  olahraga daripada pelajaran bahasa.'),
(13, 'A13', 'Saya lebih suka mencatat hasil kegiatan belajar untuk mepermudah dalam mengingat.'),
(14, 'A14', 'Saya suka melakukan contoh peragaan daripada membuat laporan tertulis atas suatu kejadian.'),
(15, 'A15', 'Saya suka membaca ulang catatan pelajaran yang dipelajari.'),
(16, 'A16', 'Tulisan tangan saya biasanya tidak rapi.'),
(17, 'A17', 'Saya suka membaca berbagai jenis buku apapun diwaktu luang.'),
(18, 'A18', 'Saya paling mudah belajar sambil mempraktekkan atau melakukan.'),
(19, 'A19', 'Saya suka menulis dari pada melukis.'),
(20, 'A20', 'saya  merancang, mengerjakan dan membuat sesuatu dengan kedua tangan saya.');

--
-- Indexes for dumped tables
--

--
-- Indexes for table `detail_hasil`
--
ALTER TABLE `detail_hasil`
  ADD PRIMARY KEY (`id`);

--
-- Indexes for table `hasil`
--
ALTER TABLE `hasil`
  ADD PRIMARY KEY (`id_hasil`);

--
-- Indexes for table `jenis_gayabelajar`
--
ALTER TABLE `jenis_gayabelajar`
  ADD PRIMARY KEY (`id_gayabelajar`);

--
-- Indexes for table `login`
--
ALTER TABLE `login`
  ADD PRIMARY KEY (`id_login`);

--
-- Indexes for table `pertanyaan`
--
ALTER TABLE `pertanyaan`
  ADD PRIMARY KEY (`id_pertanyaan`);

--
-- AUTO_INCREMENT for dumped tables
--

--
-- AUTO_INCREMENT for table `detail_hasil`
--
ALTER TABLE `detail_hasil`
  MODIFY `id` int(11) NOT NULL AUTO_INCREMENT, AUTO_INCREMENT=1192;

--
-- AUTO_INCREMENT for table `hasil`
--
ALTER TABLE `hasil`
  MODIFY `id_hasil` int(11) NOT NULL AUTO_INCREMENT, AUTO_INCREMENT=63;

--
-- AUTO_INCREMENT for table `jenis_gayabelajar`
--
ALTER TABLE `jenis_gayabelajar`
  MODIFY `id_gayabelajar` int(11) NOT NULL AUTO_INCREMENT, AUTO_INCREMENT=5;

--
-- AUTO_INCREMENT for table `login`
--
ALTER TABLE `login`
  MODIFY `id_login` int(11) NOT NULL AUTO_INCREMENT, AUTO_INCREMENT=14;

--
-- AUTO_INCREMENT for table `pertanyaan`
--
ALTER TABLE `pertanyaan`
  MODIFY `id_pertanyaan` int(11) NOT NULL AUTO_INCREMENT, AUTO_INCREMENT=21;
COMMIT;

/*!40101 SET CHARACTER_SET_CLIENT=@OLD_CHARACTER_SET_CLIENT */;
/*!40101 SET CHARACTER_SET_RESULTS=@OLD_CHARACTER_SET_RESULTS */;
/*!40101 SET COLLATION_CONNECTION=@OLD_COLLATION_CONNECTION */;
